業績年月份,公司別,rows,實收金額,除佣實收,實付金額,電台實付金額
,東吳,5,0.0,0.0,0.0,0.0
,聲活,3,170210.0,102126.0,102126.0,102126.0
,鉑霖,4,825000.0,741500.0,325000.0,325000.0
2024/01,瑞迪,375,11552850.3,10265318.997299999,4168938.66,4381745.0
2024/01,聲活,2,110476.0,110476.0,0.0,0.0
2024/02,東吳,1,39000.0,39000.0,19500.0,19500.0
2024/02,瑞迪,185,7312923.33,6499070.9692,2238134.0,1999339.0
2024/03,瑞迪,123,4661489.33,4271169.3493,1483307.0,1322354.0
2024/04,瑞迪,206,8601160.83,8076160.8533,3386798.0,3365156.0
2024/05,瑞迪,188,12591139.83,11020111.211,5224757.0,5015165.0
2024/06,瑞迪,164,7775680.33,6854179.4101,2512241.0,2487141.0
2024/07,瑞迪,171,6626254.33,6244320.6526,2001285.0,1760776.0
2024/07,聲活,2,128571.0,128571.0,60000.0,60000.0
2024/08,瑞迪,192,7586804.33,6948759.6011,2349474.0,2350309.0
2024/09,瑞迪,182,7598848.33,6831887.928499999,2372596.0,2362074.0
2024/10,瑞迪,158,6529821.33,5856407.0586,2274860.0,1987777.0
2024/11,瑞迪,139,5944693.33,5354019.0451,2185532.0,2087639.0
2024/12,瑞迪,112,5247141.0,4614926.718,1607181.0,1551928.0
2025/01,東吳,163,10762826.0,10526825.6156,4712220.0,4712220.0
2025/01,聲活,145,10666539.0,9796264.387,4125240.0,4125240.0
2025/01,鉑霖,50,1487152.0,1390334.7985,772871.0,772871.0
2025/02,東吳,63,2096732.0,2096732.0,974290.0,974290.0
2025/02,聲活,89,5470532.0,5416532.0038,2227967.0,2227967.0
2025/02,鉑霖,19,388143.0,388143.0,208607.0,208607.0
2025/03,東吳,107,7150891.0,7076611.0073,3118178.0,3061993.0
2025/03,聲活,145,5523293.0,5109973.0269,2662661.0,2507808.0
2025/03,鉑霖,20,618125.0,618125.0,272492.0,272492.0
2025/04,東吳,132,6627312.0,6627312.0,2878249.0,2877274.0
2025/04,瑞迪,1,0.0,0.0,0.0,0.0
2025/04,聲活,183,8269943.0,7766023.0361,3778349.0,3552249.0
2025/04,鉑霖,28,895138.0,895138.0,399330.0,399330.0
2025/05,東吳,144,7804600.0,7405971.6,3464195.3,3499465.3
2025/05,聲活,132,5510562.0,5212422.0149,2530882.0,2151261.0
2025/05,鉑霖,53,2191885.0,2185408.7919,1151758.0,1151758.0
2025/06,東吳,113,5056735.0,4874335.0122,1952887.0,1952887.0
2025/06,聲活,167,7150838.0,6596270.5414,3310933.0,2858292.0
2025/06,鉑霖,41,1559324.0,1542916.3318,776845.0,776845.0
2025/07,東吳,168,7723609.0,7241493.3864,3214794.0,3101754.0
2025/07,瑞迪,1,0.0,0.0,0.0,0.0
2025/07,聲活,149,6944649.0,5777149.6395000005,3064247.0,2374321.0
2025/07,鉑霖,70,1495904.0,1495904.0,757319.0,757319.0
2025/08,東吳,161,7861825.0,7574986.011,3147069.0,3147069.0
2025/08,聲活,175,10822441.0,9042270.154,3953133.5,3263007.5
2025/08,鉑霖,34,858771.0,858771.0,338300.0,338300.0
2025/09,東吳,148,8191697.0,7570008.859,3216119.0,3216119.0
2025/09,聲活,152,8060059.0,7139207.2455,3322418.0,3263697.0
2025/09,鉑霖,81,2011678.4,2011678.4,916757.4,916757.4
2025/10,東吳,139,5142126.0,5062323.7715,2247197.0,2212510.0
2025/10,瑞迪,1,0.0,0.0,3360.0,3360.0
2025/10,聲活,168,10519559.0,8693465.2581,3669531.6,3506464.6
2025/10,鉑霖,59,2843881.0,2843881.0,1134714.0,1134714.0
2025/11,東吳,122,5317039.0,5143159.0073,2306143.0,2308063.0
2025/11,瑞迪,3,0.0,0.0,3800.0,3800.0
2025/11,聲活,132,7314067.0,6435692.5322,2621447.0,2604101.0
2025/11,鉑霖,76,3040036.0,2969261.8469000002,1382315.0,1382315.0
2025/12,東吳,154,8255876.0,8064351.0023,3367078.0,3367078.0
2025/12,瑞迪,12,536190.0,536190.0,289395.0,289395.0
2025/12,聲活,113,6067906.0,5359493.0992,2508710.0,2160932.0
2025/12,鉑霖,20,1292852.0,1292852.0,575634.0,575634.0
2026/01,東吳,45,2189621.0,2173870.6,914138.0,903378.0
2026/01,聲活,114,5674826.0,5172992.5038,4120171.0,4120171.0
2026/01,鉑霖,41,2104095.0,1957228.1183,1014738.0,1014738.0
2026/02,東吳,87,6678693.0,6096691.0778,2729555.0,2729555.0
2026/02,聲活,136,7469787.0,6565858.8252,4192414.0,4192414.0
2026/02,鉑霖,29,1605217.0,1530359.75,641639.0,641639.0
2026/03,東吳,48,4432114.0,4107832.0306,1819391.0,1819391.0
2026/03,聲活,91,5287448.0,4648447.7038,3453568.0,3453568.0
2026/03,鉑霖,33,1505713.0,1462094.0865,611960.0,611960.0
2026/04,東吳,54,3989675.0,3693311.9557,1682330.3,1682330.0
2026/04,聲活,111,6753456.0,6188913.3038,3901547.0,3901547.0
2026/04,鉑霖,27,1574651.0,1527984.1,666076.0,666076.0
2026/05,東吳,60,5690270.0,4971554.2873,2426462.0,2426462.0
2026/05,聲活,82,5125198.0,4885864.9038,3801653.0,3801653.0
2026/05,鉑霖,36,2327333.35,2327333.35,947928.35,947928.35
2026/06,東吳,62,5515794.4,5308915.3123,2352990.5,2352990.5
2026/06,聲活,125,5610196.0,5185196.7038,4176056.0,4176055.8
2026/06,鉑霖,49,2158587.0,2158587.0,873553.0,873553.0
2026/06,錄音室,2,0.0,0.0,0.0,0.0
2026/07,東吳,93,6865958.85,6426425.4043,2837371.85,2837371.85
2026/07,聲活,181,9061191.0,8275926.0198,5693608.8,5693608.8
2026/07,鉑霖,71,3554679.25,3524964.95,1549213.3,1549213.3
2026/08,東吳,78,5219159.2,4663354.4714,2161966.75,2161966.75
2026/08,瑞迪,2,0.0,0.0,0.0,0.0
2026/08,聲活,146,6846766.0,6174307.2107,4499508.2,4499508.2
2026/08,鉑霖,99,3784476.65,3607166.1556,1493488.65,1493488.65
2026/09,東吳,52,3880129.8,3655329.8141,1812184.3,1812184.3
2026/09,瑞迪,1,0.0,0.0,0.0,0.0
2026/09,聲活,111,6104162.0,5582999.0064,5480760.0,5480760.0
2026/09,鉑霖,63,2802376.65,2755709.75,1115273.75,1115273.75
2026/10,東吳,32,1824315.0,1743315.0057,926321.0,926321.0
2026/10,聲活,65,4878495.0,4525443.8,4727989.65,4727989.65
2026/10,鉑霖,16,867837.2,867837.2,341875.35,341875.35
2026/11,東吳,13,507043.0,507043.0,221992.0,221992.0
2026/11,聲活,49,5010591.0,4820114.8,4087996.65,4087996.65
2026/11,鉑霖,14,466501.4,418384.8,169192.55,169192.55
2026/12,東吳,8,235714.0,235714.0,92857.0,92857.0
2026/12,聲活,52,4845162.0,4632185.8,4023996.65,4023996.65
2027/01,聲活,6,250000.0,250000.0,162500.0,162500.0
2027/02,聲活,3,250000.0,250000.0,162500.0,162500.0
2027/03,聲活,6,500000.0,500000.0,325000.0,325000.0
2027/04,聲活,3,250000.0,250000.0,162500.0,162500.0
2027/05,聲活,3,0.0,0.0,0.0,0.0
2027/06,聲活,3,0.0,0.0,0.0,0.0
